fname,lname
Bodhi,Macleod
Tanya,Shannon
Brandi,Pham
Evie-Grace,Gibson
Drake,Vaughn
Jez,Hassan
Alima,Glenn
Gina,Martinez
Jessica,Gomez
Otis,Knights
Chance,Bradley
Amarah,Michael
Jimmie,Mcnamara
Shauna,Vaughan
Om,Buckner
Sonny,Reyes
Janet,Wilks
Myrtle,Jenkins
Emelia,Kerr
Aiza,Naylor
Sadie,Moon
Lillie,Dawe
Ikra,Wade
Beverly,Hollis
Eduardo,Snow
Mylee,Case
Anika,Walters
Larissa,Soto
Riyad,Wang
Rizwan,Prince
Zayna,French
Nathalie,Dupont
Trevor,Leonard
Virginia,Knox
Eduard,Oconnell
Romy,Harrell
Amelia,Gallagher
Daria,O'Sullivan
Avani,Kearns
Emir,Lucero
Rohan,Robertson
Alfie-Jay,Miller
Dave,Matthews
James,Farrington
Nieve,Bautista
Eddie,Truong
Anoushka,Kirk
Kamran,Wheatley
Ananya,Gomez
Mariah,Easton